insert into `measures` (`ID`, `Name`)  
Values(100, 'liters'),(200, 'pieces'),
(300,'kilograms'),
(400,'boxes'),
(500,'packets');

insert into `vendors` (`ID`, `Name`)  
Values
(10, 'Nestle Sofia Corp.'),
(20, 'Zagorka Corp.'),
(30,'Targovishte Corp.'),
(40,'Becks Corp.'),
(50,'Shumensko Corp.'),
(60,'Astica Corp.'),
(70,'Burgasko Corp.'),
(80,'Peshtera Corp.'),
(90,'Shugar Corp.'),
(100,'Bojur Corp.'),
(110,'Ivan Penev Corp.'),
(120,'Dimitar Tonev Corp.'),
(130,'Stoian Stavrev Corp.'),
(140,'Vegetables Kaloianovo Corp.'),
(150,'Alexander Sashev Corp.'),
(160,'Kaspichan frood Corp'),
(170,'Ivailovo drinks Corp.'),
(180,'Coca-cola Corp.'),
(190,'Asen Asenov Corp.'),
(200,'Peter Petrov Corp.');
 

insert into `products` (`Name`,`BasePrice`,`Vendor_ID`,`Measure_ID`) 
 Values
('Beer "Zagorka"',0.86,20,100),
('Vodka "Targovishte"',7.56,30,100),
('Chocolate "Milka"',1.46,10,200),
('Chocolate "Milka white"',1.46,10,200),
('Beer "Becks"',0.96,40,100),
('Beer "Shumensko"',0.86, 50, 100),
('Beer "Astica"',0.86, 60, 100),
('Beer "Burgasko"',0.86, 70, 100),
('Red Wine "Peshtera"',4.00, 80, 100),
('White Wine "Peshtera"',4.00, 80, 100),
('Mavroud Wine "Peshtera"',4.00,80,100),
('Grape brandy "Peshtera",',10.00,80,100),
('Plum brandy "Peshtera"',10.00,80,100),
('Tic-Tac',1.00,90,400),
('Chernomorec',2.50,90,400),
('Holiday',0.30,90,200),
('Lukche',0.70,90,500),
('Shugar cock',0.70,90,200),
('Shugar apple',0.70,90,200),
('Ice juice',0.70,90,200),
('Normal biscuits',0.76,90,500),
('Normal Turkish delight',0.76,90,400),
('Tomatos "Bojur"',1.00,100,300),
('Cucumbers "Bojur"',1.00,100,300),
('Cucumbers "Ivan Penev"',0.80, 110,300),
('Carrots "Ivan Penev"',1.10, 110,300),
('Tomatos "Ivan Penev"',1.00, 110,300),
('Potatos "Ivan Penev"',0.70, 110,300),
('Tomatos "Dimitar Tonev"',0.89,120,300),
('Plumbs "Stoian Stavrev"',0.50,130,300),
('Carrots "Vegetables Kaloianovo"',1.20,140,300),
('Potatos "Alexander Sashev"',0.60,150,300),
('Carrots "Kaspichan frood"',1.20,160,300),
('Racia "Ivailovo drinks"',0.60,170,300),
('Coca-cola',1.69,180,100),
('Fanta',1.69,180,100),
('Fanta orange',1.69,180,100),
('Sprite',1.69,180,100),
('Tomatos "Asen Asenov"',1.00,190,300),
('Chease "Peter Petrov"',4.00,200,300),
('Sosages "Peter Petrov"',1.50,200,300),
('Plumb Racia "Ivailovo drinks"',10,170,300),
('Mavroud wine"Ivailovo drinks"',3,170,300),
('White wine"Ivailovo drinks"',3,170,300),
('Beer "Ivailovo"',0.60,170,300),
('Bozzmeasuresa "Ivailovo"',0.60,170,300),
('Potatos "Vegetables Kaloianovo"',0.70,140,300),
('Tomatos "Vegetables Kaloianovo"',1.00,140,300),
('Cucumbers "Vegetables Kaloianovo"',1.20,140,300),
('Potaos "Kaspichan frood"',0.90,160,300),
('Tomatos "Kaspichan frood"',1.10,160,300)
;

